year;month;day;hours;minutes;seconds;milliseconds;elapsed_s;distance_m;strength
2026;3;17;10;45;24;271;0.015;1.7229;13.82
2026;3;17;10;45;24;360;0.104;1.7248;13.82
2026;3;17;10;45;24;456;0.200;1.7241;13.91
2026;3;17;10;45;24;563;0.306;1.7219;13.93
2026;3;17;10;45;24;681;0.424;1.7255;13.83
2026;3;17;10;45;24;765;0.508;1.7236;13.91
2026;3;17;10;45;24;857;0.601;1.7232;13.79
2026;3;17;10;45;24;972;0.715;1.7222;13.98
2026;3;17;10;45;25;67;0.810;1.7249;14.04
2026;3;17;10;45;25;172;0.915;1.7205;13.66
2026;3;17;10;45;25;257;1.001;1.7261;14.02
2026;3;17;10;45;25;365;1.108;1.7241;13.90
2026;3;17;10;45;25;477;1.221;1.7237;13.83
2026;3;17;10;45;25;572;1.315;1.7288;13.98
2026;3;17;10;45;25;661;1.404;1.7275;13.86
2026;3;17;10;45;25;762;1.505;1.7231;14.06
2026;3;17;10;45;25;866;1.610;1.7258;13.76
2026;3;17;10;45;25;972;1.715;1.7252;13.78
2026;3;17;10;45;26;72;1.815;1.7235;14.07
2026;3;17;10;45;26;167;1.911;1.7133;11.11
2026;3;17;10;45;26;265;2.009;1.7168;11.27
2026;3;17;10;45;26;384;2.127;1.7166;11.14
2026;3;17;10;45;26;481;2.224;1.7147;11.25
2026;3;17;10;45;26;582;2.326;1.7151;6.20
2026;3;17;10;45;26;681;2.424;1.6988;4.06
2026;3;17;10;45;26;782;2.526;1.6498;6.96
2026;3;17;10;45;26;885;2.628;1.6196;5.26
2026;3;17;10;45;26;987;2.730;1.5080;3.16
2026;3;17;10;45;27;71;2.815;1.4559;9.52
2026;3;17;10;45;27;168;2.911;1.4217;10.89
2026;3;17;10;45;27;272;3.015;1.3666;9.19
2026;3;17;10;45;27;361;3.105;1.3408;12.11
2026;3;17;10;45;27;461;3.205;1.2717;2.60
2026;3;17;10;45;27;567;3.311;1.2518;5.50
2026;3;17;10;45;27;682;3.426;1.1792;-5.48
2026;3;17;10;45;27;772;3.515;1.1755;-6.76
2026;3;17;10;45;27;874;3.618;1.2508;-5.82
2026;3;17;10;45;27;982;3.725;1.2673;-6.97
2026;3;17;10;45;27;982;3.725;1.4126;-7.70
2026;3;17;10;45;28;65;3.809;1.4097;8.37
2026;3;17;10;45;28;164;3.908;1.5421;10.79
2026;3;17;10;45;28;273;4.016;1.6327;16.55
2026;3;17;10;45;28;363;4.107;1.6795;14.75
2026;3;17;10;45;28;482;4.226;1.7013;12.16
2026;3;17;10;45;28;568;4.311;1.7225;17.89
2026;3;17;10;45;28;672;4.416;1.7218;18.25
2026;3;17;10;45;28;764;4.508;1.7227;17.73
2026;3;17;10;45;28;873;4.616;1.7191;17.65
2026;3;17;10;45;28;978;4.721;1.7198;17.70
2026;3;17;10;45;29;79;4.822;1.7220;17.77
2026;3;17;10;45;29;168;4.911;1.7190;17.59
2026;3;17;10;45;29;273;5.016;1.7225;17.74
2026;3;17;10;45;29;373;5.116;1.7235;17.61
2026;3;17;10;45;29;467;5.210;1.7204;17.68
2026;3;17;10;45;29;567;5.310;1.7227;17.64
2026;3;17;10;45;29;674;5.417;1.7228;17.76
2026;3;17;10;45;29;770;5.514;1.7204;17.63
2026;3;17;10;45;29;871;5.615;1.7219;17.74
2026;3;17;10;45;29;972;5.716;1.7204;17.73
2026;3;17;10;45;30;68;5.811;1.7205;17.78
2026;3;17;10;45;30;171;5.914;1.7190;17.78
2026;3;17;10;45;30;271;6.014;1.7172;17.72
2026;3;17;10;45;30;373;6.116;1.7203;17.71
2026;3;17;10;45;30;473;6.217;1.7220;17.80
2026;3;17;10;45;30;575;6.318;1.7253;17.95
2026;3;17;10;45;30;681;6.424;1.7212;17.70
2026;3;17;10;45;30;765;6.508;1.7232;17.72
2026;3;17;10;45;30;874;6.617;1.7221;17.70
2026;3;17;10;45;30;980;6.723;1.7202;17.70
2026;3;17;10;45;31;73;6.817;1.7208;17.89
2026;3;17;10;45;31;181;6.925;1.7191;17.66
2026;3;17;10;45;31;274;7.018;1.7189;17.48
2026;3;17;10;45;31;389;7.132;1.7198;17.75
2026;3;17;10;45;31;482;7.225;1.7214;17.80
2026;3;17;10;45;31;573;7.317;1.7204;17.81
2026;3;17;10;45;31;673;7.416;1.7220;17.75
2026;3;17;10;45;31;767;7.510;1.7203;17.82
2026;3;17;10;45;31;873;7.617;1.7201;17.60
2026;3;17;10;45;31;973;7.717;1.7224;17.85
2026;3;17;10;45;32;81;7.825;1.7220;17.64
2026;3;17;10;45;32;168;7.911;1.7197;17.60
2026;3;17;10;45;32;282;8.025;1.7226;17.55
2026;3;17;10;45;32;387;8.130;1.7198;17.80
2026;3;17;10;45;32;465;8.209;1.7190;17.57
2026;3;17;10;45;32;573;8.316;1.7212;17.73
2026;3;17;10;45;32;681;8.425;1.7235;17.66
2026;3;17;10;45;32;783;8.526;1.7221;17.72
2026;3;17;10;45;32;888;8.632;1.7236;17.79
2026;3;17;10;45;32;982;8.725;1.7206;17.56
2026;3;17;10;45;33;90;8.833;1.7182;17.92
2026;3;17;10;45;33;183;8.926;1.7200;17.74
2026;3;17;10;45;33;271;9.015;1.7216;17.62
2026;3;17;10;45;33;371;9.114;1.7212;17.74
2026;3;17;10;45;33;471;9.215;1.7229;17.72
2026;3;17;10;45;33;586;9.329;1.7204;17.65
2026;3;17;10;45;33;680;9.423;1.7207;17.77
2026;3;17;10;45;33;771;9.515;1.7215;17.59
2026;3;17;10;45;33;882;9.626;1.7221;17.81
2026;3;17;10;45;33;981;9.725;1.7196;17.63
2026;3;17;10;45;34;77;9.820;1.7220;17.73
2026;3;17;10;45;34;172;9.915;1.7213;17.62
2026;3;17;10;45;34;271;10.014;1.7215;17.60
2026;3;17;10;45;34;378;10.121;1.7209;17.67
2026;3;17;10;45;34;481;10.225;1.7214;17.70
2026;3;17;10;45;34;579;10.322;1.7196;17.68
2026;3;17;10;45;34;683;10.427;1.7172;17.57
2026;3;17;10;45;34;779;10.522;1.7197;17.34
2026;3;17;10;45;34;870;10.613;1.7213;18.63
2026;3;17;10;45;35;77;10.821;1.7460;5.20
2026;3;17;10;45;35;172;10.915;1.7361;6.67
2026;3;17;10;45;35;285;11.028;1.7320;3.18
2026;3;17;10;45;35;379;11.123;1.7371;2.28
2026;3;17;10;45;35;475;11.219;1.7392;2.66
2026;3;17;10;45;35;585;11.328;1.7445;2.79
2026;3;17;10;45;35;681;11.424;1.7452;2.00
2026;3;17;10;45;35;789;11.532;1.7522;2.20
2026;3;17;10;45;35;883;11.627;1.7523;1.13
2026;3;17;10;45;35;980;11.724;1.7397;-1.97
2026;3;17;10;45;36;82;11.826;1.7595;-4.23
2026;3;17;10;45;36;189;11.933;1.7597;-6.56
2026;3;17;10;45;36;291;12.034;1.7818;-8.60
2026;3;17;10;45;36;379;12.122;1.8146;-7.92
2026;3;17;10;45;36;481;12.225;1.7444;-4.19
2026;3;17;10;45;36;587;12.331;1.7458;2.43
2026;3;17;10;45;36;686;12.430;1.7370;7.59
2026;3;17;10;45;36;686;12.430;0.2615;-12.10
2026;3;17;10;45;36;790;12.534;1.7421;6.48
2026;3;17;10;45;36;790;12.534;0.2969;-20.38
2026;3;17;10;45;36;881;12.625;1.7363;3.38
2026;3;17;10;45;36;980;12.723;1.7460;4.64
2026;3;17;10;45;37;83;12.827;1.7353;7.44
2026;3;17;10;45;37;190;12.934;1.7271;9.07
2026;3;17;10;45;37;282;13.026;1.7244;9.69
2026;3;17;10;45;37;390;13.133;1.7197;10.23
2026;3;17;10;45;37;390;13.133;0.2687;-18.78
2026;3;17;10;45;37;491;13.234;1.7191;13.01
2026;3;17;10;45;37;491;13.234;0.3096;-15.03
2026;3;17;10;45;37;591;13.335;1.7225;13.96
2026;3;17;10;45;37;591;13.335;0.3759;-8.82
2026;3;17;10;45;37;678;13.421;1.7222;14.68
2026;3;17;10;45;37;678;13.421;0.4276;-7.82
2026;3;17;10;45;37;791;13.534;1.7229;15.10
2026;3;17;10;45;37;791;13.534;0.4720;-8.20
2026;3;17;10;45;37;890;13.634;1.7256;15.09
2026;3;17;10;45;37;890;13.634;0.4726;-8.80
2026;3;17;10;45;37;991;13.735;1.7221;14.46
2026;3;17;10;45;37;991;13.735;0.4744;-8.30
2026;3;17;10;45;38;83;13.826;1.7229;13.98
2026;3;17;10;45;38;83;13.826;0.4747;-8.03
2026;3;17;10;45;38;182;13.925;1.7227;13.49
2026;3;17;10;45;38;182;13.925;0.4572;-5.86
2026;3;17;10;45;38;282;14.026;1.7226;13.47
2026;3;17;10;45;38;282;14.026;0.4542;-6.37
2026;3;17;10;45;38;391;14.135;1.7210;13.25
2026;3;17;10;45;38;391;14.135;0.4456;-6.95
2026;3;17;10;45;38;491;14.234;1.7196;12.11
2026;3;17;10;45;38;491;14.234;0.4449;-8.76
2026;3;17;10;45;38;592;14.335;1.7217;11.24
2026;3;17;10;45;38;592;14.335;0.4393;-7.61
2026;3;17;10;45;38;691;14.435;1.7239;10.73
2026;3;17;10;45;38;691;14.435;0.4462;-8.25
2026;3;17;10;45;38;783;14.527;1.7167;10.71
2026;3;17;10;45;38;783;14.527;0.4390;-8.95
2026;3;17;10;45;38;882;14.625;1.7211;11.21
2026;3;17;10;45;38;882;14.625;0.4434;-17.64
2026;3;17;10;45;38;981;14.724;1.7197;11.89
2026;3;17;10;45;39;91;14.835;1.7230;13.20
2026;3;17;10;45;39;190;14.933;1.7193;12.67
2026;3;17;10;45;39;190;14.933;0.4194;-15.08
2026;3;17;10;45;39;286;15.029;1.7227;9.91
2026;3;17;10;45;39;286;15.029;0.3902;-16.56
2026;3;17;10;45;39;390;15.134;1.7375;5.89
2026;3;17;10;45;39;390;15.134;0.3897;-10.42
2026;3;17;10;45;39;484;15.228;1.7437;2.80
2026;3;17;10;45;39;484;15.228;0.3784;-4.02
2026;3;17;10;45;39;590;15.334;1.7457;-2.14
2026;3;17;10;45;39;590;15.334;0.3711;-2.23
2026;3;17;10;45;39;691;15.434;0.3556;-9.06
2026;3;17;10;45;39;691;15.434;1.7851;-9.11
2026;3;17;10;45;39;790;15.534;0.3538;-2.24
2026;3;17;10;45;39;889;15.633;1.7287;-2.02
2026;3;17;10;45;39;889;15.633;0.3587;-7.50
2026;3;17;10;45;39;990;15.734;0.3540;-2.12
2026;3;17;10;45;39;990;15.734;1.7725;-5.09
2026;3;17;10;45;40;91;15.835;0.3523;-1.59
2026;3;17;10;45;40;91;15.835;1.7980;-10.58
2026;3;17;10;45;40;199;15.943;0.3441;-4.17
2026;3;17;10;45;40;290;16.033;0.3381;-2.90
2026;3;17;10;45;40;389;16.132;0.3352;-2.84
2026;3;17;10;45;40;389;16.132;1.7923;-11.95
2026;3;17;10;45;40;484;16.227;0.3357;-1.86
2026;3;17;10;45;40;582;16.326;0.3367;-1.50
2026;3;17;10;45;40;706;16.449;0.3357;-0.50
2026;3;17;10;45;40;790;16.534;0.3332;-0.09
2026;3;17;10;45;40;891;16.634;0.3304;0.66
2026;3;17;10;45;40;891;16.634;1.7394;-10.23
2026;3;17;10;45;40;998;16.742;0.3286;-0.55
2026;3;17;10;45;40;998;16.742;1.7621;-9.91
2026;3;17;10;45;41;94;16.837;0.3270;-2.78
2026;3;17;10;45;41;94;16.837;1.7721;-9.73
2026;3;17;10;45;41;189;16.932;0.3263;-3.54
2026;3;17;10;45;41;189;16.932;1.7895;-9.92
2026;3;17;10;45;41;294;17.037;0.3277;-3.43
2026;3;17;10;45;41;294;17.037;1.7656;-11.15
2026;3;17;10;45;41;399;17.142;0.3282;-3.19
2026;3;17;10;45;41;491;17.234;0.3305;-5.56
2026;3;17;10;45;41;491;17.234;1.7858;-10.39
2026;3;17;10;45;41;587;17.331;0.3310;-8.04
2026;3;17;10;45;41;697;17.441;0.3263;-10.91
2026;3;17;10;45;41;787;17.530;0.3299;-3.06
2026;3;17;10;45;41;886;17.629;1.7601;-3.60
2026;3;17;10;45;41;886;17.629;0.3507;-10.69
2026;3;17;10;45;41;991;17.734;1.7205;18.27
2026;3;17;10;45;42;88;17.832;1.7221;17.70
2026;3;17;10;45;42;187;17.930;1.7206;17.78
2026;3;17;10;45;42;297;18.041;1.7237;17.81
2026;3;17;10;45;42;399;18.142;1.7224;17.72
2026;3;17;10;45;42;488;18.231;1.7219;17.70
2026;3;17;10;45;42;606;18.349;1.7211;17.60
2026;3;17;10;45;42;689;18.433;1.7192;17.40
2026;3;17;10;45;42;802;18.545;1.7214;17.74
2026;3;17;10;45;42;901;18.644;1.7204;17.61
2026;3;17;10;45;43;7;18.750;1.7204;17.69
2026;3;17;10;45;43;88;18.831;1.7196;17.71
2026;3;17;10;45;43;184;18.928;1.7215;17.56
2026;3;17;10;45;43;297;19.040;1.7219;17.49
2026;3;17;10;45;43;391;19.134;1.7184;17.55
2026;3;17;10;45;43;485;19.228;1.7213;17.80
2026;3;17;10;45;43;600;19.344;1.7216;17.72
2026;3;17;10;45;43;690;19.434;1.7195;17.66
2026;3;17;10;45;43;799;19.542;1.7196;17.62
2026;3;17;10;45;43;900;19.643;1.7233;17.77
2026;3;17;10;45;43;989;19.733;1.7204;17.54
2026;3;17;10;45;44;105;19.849;1.7218;17.71
2026;3;17;10;45;44;186;19.929;1.7203;17.56
2026;3;17;10;45;44;302;20.045;1.7186;17.48
2026;3;17;10;45;44;406;20.149;1.7187;17.50
2026;3;17;10;45;44;488;20.231;1.7198;17.62
2026;3;17;10;45;44;602;20.345;1.7196;17.65
2026;3;17;10;45;44;707;20.450;1.7193;17.63
2026;3;17;10;45;44;789;20.532;1.7207;17.71
2026;3;17;10;45;44;893;20.637;1.7208;17.51
2026;3;17;10;45;44;997;20.741;1.7216;17.55
2026;3;17;10;45;45;90;20.833;1.7212;17.77
2026;3;17;10;45;45;190;20.934;1.7214;17.75
2026;3;17;10;45;45;304;21.048;1.7204;17.66
2026;3;17;10;45;45;409;21.153;1.7224;17.66
2026;3;17;10;45;45;500;21.244;1.7193;17.53
2026;3;17;10;45;45;595;21.338;1.7215;17.66
2026;3;17;10;45;45;690;21.433;1.7204;17.82
2026;3;17;10;45;45;800;21.544;1.7193;17.67
2026;3;17;10;45;45;893;21.636;1.7223;17.66
2026;3;17;10;45;45;998;21.741;1.7216;17.72
2026;3;17;10;45;46;96;21.840;1.7181;17.61
2026;3;17;10;45;46;199;21.942;1.7200;17.61
2026;3;17;10;45;46;294;22.038;1.7186;17.50
2026;3;17;10;45;46;397;22.141;1.7227;17.63
2026;3;17;10;45;46;500;22.244;1.7211;17.64
2026;3;17;10;45;46;598;22.342;1.7208;17.60
2026;3;17;10;45;46;701;22.444;1.7220;17.70
2026;3;17;10;45;46;802;22.546;1.7198;17.82
2026;3;17;10;45;46;906;22.650;1.7204;17.62
2026;3;17;10;45;46;996;22.739;1.7213;17.73
2026;3;17;10;45;47;104;22.848;1.7204;17.77
2026;3;17;10;45;47;205;22.949;1.7193;17.75
2026;3;17;10;45;47;307;23.050;1.7200;17.73
2026;3;17;10;45;47;402;23.146;1.7199;17.56
2026;3;17;10;52;34;729;0.017;1.7221;18.21
2026;3;17;10;52;34;842;0.129;1.7214;18.25
2026;3;17;10;52;34;932;0.219;1.7222;18.45
2026;3;17;10;52;35;28;0.315;1.7222;18.26
2026;3;17;10;52;35;138;0.426;1.7224;18.37
2026;3;17;10;52;35;244;0.532;1.7228;18.24
2026;3;17;10;52;35;340;0.628;1.7228;18.44
2026;3;17;10;52;35;440;0.728;1.7225;18.25
2026;3;17;10;52;35;539;0.827;1.7222;18.48
2026;3;17;10;52;35;634;0.921;1.7221;18.47
2026;3;17;10;52;35;745;1.033;1.7220;18.43
2026;3;17;10;52;35;841;1.129;1.7226;18.24
2026;3;17;10;52;35;940;1.227;1.7224;18.49
2026;3;17;10;52;36;39;1.327;1.7228;18.36
2026;3;17;10;52;36;140;1.427;1.7232;18.33
2026;3;17;10;52;36;239;1.527;1.7224;18.41
2026;3;17;10;52;36;341;1.629;1.7219;18.48
2026;3;17;10;52;36;440;1.727;1.7226;18.34
2026;3;17;10;52;36;545;1.833;1.7226;18.60
2026;3;17;10;52;36;640;1.927;1.7222;18.39
2026;3;17;10;52;36;748;2.036;1.7227;18.45
2026;3;17;10;52;36;840;2.128;1.7230;18.38
2026;3;17;10;52;36;942;2.229;1.7223;18.54
2026;3;17;10;52;37;37;2.325;1.7219;18.40
2026;3;17;10;52;37;136;2.424;1.7219;18.31
2026;3;17;10;52;37;231;2.518;1.7216;18.65
2026;3;17;10;52;37;331;2.619;1.7214;18.51
2026;3;17;10;52;37;431;2.719;1.7212;18.43
2026;3;17;10;52;37;531;2.819;1.7213;18.42
2026;3;17;10;52;37;646;2.934;1.7210;18.44
2026;3;17;10;52;37;743;3.030;1.7213;18.36
2026;3;17;10;52;37;848;3.135;1.7219;18.35
2026;3;17;10;52;37;942;3.229;1.7222;18.45
2026;3;17;10;52;38;41;3.328;1.7228;18.28
2026;3;17;10;52;38;148;3.436;1.7231;18.50
2026;3;17;10;52;38;237;3.525;1.7226;18.60
2026;3;17;10;52;38;341;3.628;1.7219;18.47
2026;3;17;10;52;38;440;3.727;1.7221;18.42
2026;3;17;10;52;38;539;3.827;1.7226;18.32
2026;3;17;10;52;38;640;3.928;1.7228;18.36
2026;3;17;10;52;38;741;4.028;1.7225;18.48
2026;3;17;10;52;38;841;4.128;1.7227;18.41
2026;3;17;10;52;38;941;4.228;1.7223;18.34
2026;3;17;10;52;39;48;4.336;1.7213;18.19
2026;3;17;10;52;39;140;4.427;1.7212;18.38
2026;3;17;10;52;39;239;4.527;1.7214;18.36
2026;3;17;10;52;39;347;4.635;1.7208;18.21
2026;3;17;10;52;39;436;4.724;1.7209;18.35
2026;3;17;10;52;39;545;4.832;1.7210;18.42
2026;3;17;10;52;39;640;4.927;1.7210;18.29
2026;3;17;10;52;39;742;5.030;1.7214;18.20
2026;3;17;10;52;39;853;5.141;1.7221;18.37
2026;3;17;10;52;39;948;5.236;1.7226;18.38
2026;3;17;10;52;40;39;5.327;1.7227;18.40
2026;3;17;10;52;40;139;5.427;1.7227;18.36
2026;3;17;10;52;40;243;5.530;1.7230;18.33
2026;3;17;10;52;40;342;5.629;1.7227;18.42
2026;3;17;10;52;40;441;5.728;1.7218;18.40
2026;3;17;10;52;40;541;5.828;1.7223;18.46
2026;3;17;10;52;40;648;5.936;1.7222;18.44
2026;3;17;10;52;40;742;6.029;1.7216;18.20
2026;3;17;10;52;40;849;6.136;1.7223;18.45
2026;3;17;10;52;40;951;6.239;1.7231;18.44
2026;3;17;10;52;41;40;6.328;1.7222;18.38
2026;3;17;10;52;41;140;6.428;1.7228;18.40
2026;3;17;10;52;41;241;6.528;1.7227;18.50
2026;3;17;10;52;41;348;6.636;1.7230;18.31
2026;3;17;10;52;41;449;6.737;1.7225;18.55
2026;3;17;10;52;41;541;6.828;1.7226;18.39
2026;3;17;10;52;41;647;6.935;1.7222;18.38
2026;3;17;10;52;41;759;7.047;1.7224;18.26
2026;3;17;10;52;41;836;7.124;1.7223;18.34
2026;3;17;10;52;41;940;7.228;1.7224;18.25
2026;3;17;10;52;42;39;7.327;1.7230;18.42
2026;3;17;10;52;42;148;7.436;1.7229;18.37
2026;3;17;10;52;42;250;7.537;1.7232;18.43
2026;3;17;10;52;42;349;7.636;1.7227;18.32
2026;3;17;10;52;42;449;7.737;1.7223;18.46
2026;3;17;10;52;42;549;7.836;1.7217;18.44
2026;3;17;10;52;42;640;7.927;1.7217;18.50
2026;3;17;10;52;42;740;8.028;1.7218;18.32
2026;3;17;10;52;42;841;8.129;1.7217;18.33
2026;3;17;10;52;42;956;8.244;1.7227;18.46
2026;3;17;10;52;43;41;8.328;1.7226;18.31
2026;3;17;10;52;43;140;8.428;1.7222;18.39
2026;3;17;10;52;43;240;8.527;1.7221;18.30
2026;3;17;10;52;43;348;8.636;1.7221;18.34
2026;3;17;10;52;43;456;8.744;1.7213;18.22
2026;3;17;10;52;43;550;8.838;1.7221;18.43
2026;3;17;10;52;43;656;8.943;1.7221;18.34
2026;3;17;10;52;43;740;9.028;1.7214;18.38
2026;3;17;10;52;43;849;9.136;1.7218;18.24
2026;3;17;10;52;43;948;9.236;1.7223;18.47
2026;3;17;10;52;44;44;9.331;1.7223;18.26
2026;3;17;10;52;44;152;9.440;1.7229;18.45
2026;3;17;10;52;44;242;9.529;1.7238;18.43
2026;3;17;10;52;44;356;9.643;1.7235;18.34
2026;3;17;10;52;44;449;9.737;1.7231;18.26
2026;3;17;10;52;44;557;9.845;1.7226;18.40
2026;3;17;10;52;44;666;9.954;1.7226;18.43
2026;3;17;10;52;44;749;10.037;1.7226;18.37
2026;3;17;10;52;44;848;10.136;1.7226;18.11
2026;3;17;10;52;44;946;10.233;1.7226;18.15
2026;3;17;10;52;45;41;10.329;1.7226;18.36
2026;3;17;10;52;45;156;10.444;1.7227;18.36
2026;3;17;10;52;45;257;10.545;1.7229;18.30
2026;3;17;10;52;45;357;10.645;1.7233;18.29
2026;3;17;10;52;45;458;10.746;1.7236;18.19
2026;3;17;10;52;45;550;10.838;1.7237;18.46
2026;3;17;10;52;45;657;10.945;1.7236;18.20
2026;3;17;10;52;45;749;11.036;1.7231;18.42
2026;3;17;10;52;45;858;11.146;1.7226;18.21
2026;3;17;10;52;45;950;11.237;1.7223;18.24
2026;3;17;10;52;46;47;11.335;1.7224;18.23
2026;3;17;10;52;46;147;11.435;1.7220;18.31
2026;3;17;10;52;46;258;11.545;1.7221;18.46
2026;3;17;10;52;46;357;11.645;1.7218;18.26
2026;3;17;10;52;46;444;11.732;1.7216;18.29
2026;3;17;10;52;46;544;11.831;1.7211;18.40
2026;3;17;10;52;46;650;11.938;1.7215;18.31
2026;3;17;10;52;46;755;12.042;1.7217;18.32
2026;3;17;10;52;46;857;12.145;1.7226;18.40
2026;3;17;10;52;46;950;12.237;1.7222;18.23
2026;3;17;10;52;47;57;12.344;1.7228;18.30
2026;3;17;10;52;47;149;12.437;1.7223;18.56
2026;3;17;10;52;47;266;12.554;1.7226;18.33
2026;3;17;10;52;47;350;12.637;1.7219;18.37
2026;3;17;10;52;47;448;12.736;1.7225;18.29
2026;3;17;10;52;47;549;12.836;1.7224;18.41
2026;3;17;10;52;47;649;12.936;1.7223;18.23
2026;3;17;10;52;47;749;13.037;1.7214;18.25
2026;3;17;10;52;47;849;13.137;1.7216;18.24
2026;3;17;10;52;47;957;13.244;1.7215;18.25
2026;3;17;10;52;48;57;13.345;1.7215;18.19
2026;3;17;10;52;48;157;13.444;1.7217;18.44
2026;3;17;10;52;48;258;13.546;1.7218;18.22
2026;3;17;10;52;48;358;13.646;1.7213;18.39
2026;3;17;10;52;48;466;13.753;1.7217;18.27
2026;3;17;10;52;48;557;13.845;1.7214;18.41
2026;3;17;10;52;48;659;13.946;1.7219;18.40
2026;3;17;10;52;48;748;14.036;1.7223;18.35
2026;3;17;10;52;48;861;14.148;1.7226;18.20
2026;3;17;10;52;48;964;14.251;1.7224;18.25
2026;3;17;10;52;49;60;14.347;1.7227;18.41
2026;3;17;10;52;49;159;14.447;1.7224;18.42
2026;3;17;10;52;49;257;14.545;1.7221;18.29
2026;3;17;10;52;49;354;14.642;1.7221;18.22
2026;3;17;10;52;49;450;14.737;1.7219;18.43
2026;3;17;10;52;49;555;14.842;1.7223;18.39
2026;3;17;10;52;49;652;14.939;1.7219;18.34
2026;3;17;10;52;49;765;15.053;1.7222;18.44
2026;3;17;10;52;49;858;15.145;1.7222;18.37
2026;3;17;10;52;49;958;15.245;1.7216;18.30
2026;3;17;10;52;50;67;15.354;1.7210;18.34
2026;3;17;10;52;50;166;15.453;1.7206;18.28
2026;3;17;10;52;50;266;15.553;1.7204;18.37
2026;3;17;10;52;50;366;15.654;1.7209;18.47
2026;3;17;10;52;50;465;15.753;1.7218;18.26
2026;3;17;10;52;50;565;15.853;1.7223;18.25
2026;3;17;10;52;50;658;15.946;1.7234;18.45
2026;3;17;10;52;50;766;16.053;1.7239;18.45
2026;3;17;10;52;50;857;16.144;1.7230;18.34
2026;3;17;10;52;50;958;16.245;1.7232;18.36
2026;3;17;10;52;51;57;16.345;1.7229;18.33
2026;3;17;10;52;51;168;16.456;1.7226;18.55
2026;3;17;10;52;51;253;16.540;1.7222;18.31
2026;3;17;10;52;51;367;16.654;1.7225;18.46
2026;3;17;10;52;51;469;16.757;1.7220;18.44
2026;3;17;10;52;51;575;16.863;1.7215;18.21
2026;3;17;10;52;51;667;16.954;1.7214;18.20
2026;3;17;10;52;51;766;17.053;1.7213;18.27
2026;3;17;10;52;51;866;17.154;1.7216;18.16
2026;3;17;10;52;51;966;17.254;1.7219;18.22
2026;3;17;10;52;52;67;17.354;1.7224;18.31
2026;3;17;10;52;52;166;17.454;1.7225;18.35
2026;3;17;10;52;52;258;17.545;1.7227;18.34
2026;3;17;10;52;52;366;17.654;1.7228;18.36
2026;3;17;10;52;52;458;17.746;1.7224;18.48
2026;3;17;10;52;52;567;17.854;1.7220;18.33
2026;3;17;10;52;52;666;17.953;1.7218;18.31
2026;3;17;10;52;52;766;18.054;1.7218;18.45
2026;3;17;10;52;52;866;18.154;1.7215;18.35
2026;3;17;10;52;52;966;18.253;1.7219;18.48
2026;3;17;10;52;53;57;18.345;1.7222;18.38
2026;3;17;10;52;53;157;18.445;1.7223;18.50
2026;3;17;10;52;53;259;18.547;1.7222;18.29
2026;3;17;10;52;53;365;18.653;1.7223;18.31
2026;3;17;10;52;53;462;18.750;1.7215;18.44
2026;3;17;10;52;53;556;18.843;1.7217;18.42
2026;3;17;10;52;53;658;18.946;1.7222;18.30
2026;3;17;10;52;53;766;19.053;1.7227;18.39
2026;3;17;10;52;53;857;19.145;1.7230;18.39
2026;3;17;10;52;53;957;19.245;1.7232;18.37
2026;3;17;10;52;54;57;19.344;1.7232;18.33
2026;3;17;10;52;54;156;19.444;1.7226;18.34
2026;3;17;10;52;54;264;19.551;1.7221;18.40
2026;3;17;10;52;54;359;19.646;1.7217;18.37
2026;3;17;10;52;54;463;19.750;1.7218;18.37
2026;3;17;10;52;54;566;19.854;1.7214;18.33
2026;3;17;10;52;54;657;19.945;1.7216;18.26
2026;3;17;10;52;54;765;20.053;1.7217;18.26
2026;3;17;10;52;54;866;20.154;1.7221;18.51
2026;3;17;10;52;54;958;20.246;1.7227;18.39
2026;3;17;10;52;55;65;20.353;1.7232;18.41
2026;3;17;10;52;55;167;20.454;1.7232;18.40
2026;3;17;10;52;55;258;20.546;1.7229;18.40
2026;3;17;10;52;55;358;20.645;1.7226;18.44
2026;3;17;10;52;55;476;20.764;1.7224;18.48
2026;3;17;10;52;55;559;20.847;1.7221;18.34
2026;3;17;10;52;55;666;20.954;1.7219;18.21
2026;3;17;10;52;55;765;21.052;1.7223;18.39
2026;3;17;10;52;55;859;21.146;1.7218;18.51
2026;3;17;10;52;55;981;21.268;1.7214;18.32
2026;3;17;10;52;56;78;21.366;1.7217;18.47
2026;3;17;10;52;56;167;21.454;1.7223;18.45
2026;3;17;10;52;56;268;21.555;1.7223;18.32
2026;3;17;10;52;56;383;21.670;1.7230;18.42
2026;3;17;10;52;56;475;21.763;1.7230;18.36
2026;3;17;10;52;56;568;21.855;1.7227;18.39
2026;3;17;10;52;56;665;21.953;1.7223;18.28
2026;3;17;10;52;56;767;22.055;1.7228;18.63
2026;3;17;10;52;56;866;22.154;1.7231;18.48
2026;3;17;10;52;56;967;22.254;1.7237;18.36
2026;3;17;10;52;57;66;22.354;1.7242;18.26
2026;3;17;10;52;57;176;22.464;1.7238;18.47
2026;3;17;10;52;57;276;22.563;1.7234;18.43
2026;3;17;10;52;57;376;22.664;1.7222;18.38
2026;3;17;10;52;57;466;22.753;1.7218;18.43
2026;3;17;10;52;57;565;22.852;1.7213;18.37
2026;3;17;10;52;57;679;22.966;1.7218;18.42
2026;3;17;10;52;57;768;23.055;1.7218;18.24
2026;3;17;10;52;57;874;23.161;1.7224;18.33
2026;3;17;10;52;57;967;23.255;1.7226;18.35
2026;3;17;10;52;58;76;23.363;1.7225;18.39
2026;3;17;10;52;58;163;23.450;1.7225;18.34
2026;3;17;10;52;58;276;23.563;1.7224;18.43
2026;3;17;10;52;58;375;23.662;1.7222;18.32
2026;3;17;10;52;58;476;23.764;1.7218;18.20
2026;3;17;10;52;58;566;23.853;1.7218;18.37
2026;3;17;10;52;58;667;23.954;1.7219;19.56
2026;3;17;10;52;58;781;24.068;1.7217;19.54
2026;3;17;10;52;58;870;24.158;1.7218;19.78
2026;3;17;10;52;58;967;24.255;1.7224;7.30
2026;3;17;10;53;2;882;28.170;1.7233;16.56
2026;3;17;10;53;2;976;28.263;1.7229;17.36
2026;3;17;10;53;3;75;28.363;1.7223;17.32
2026;3;17;10;53;3;184;28.472;1.7213;17.24
2026;3;17;10;53;3;284;28.571;1.7203;17.57
2026;3;17;10;53;3;384;28.671;1.7198;18.26
2026;3;17;10;53;3;477;28.765;1.7188;17.85
2026;3;17;10;53;3;577;28.865;1.7197;19.59
2026;3;17;10;53;3;676;28.964;1.7214;19.39
2026;3;17;10;53;3;783;29.071;1.7243;10.11
2026;3;17;10;53;3;881;29.168;1.7226;11.35
2026;3;17;10;53;3;976;29.263;1.7171;9.37
2026;3;17;10;53;4;83;29.371;1.7050;17.01
2026;3;17;10;53;4;184;29.472;1.6840;18.58
2026;3;17;10;53;4;276;29.563;1.6551;18.41
2026;3;17;10;53;4;375;29.663;1.6243;18.45
2026;3;17;10;53;4;483;29.771;1.5930;18.09
2026;3;17;10;53;4;582;29.870;1.5619;17.00
2026;3;17;10;53;4;681;29.968;1.5336;15.36
2026;3;17;10;53;4;781;30.069;1.5066;15.58
2026;3;17;10;53;4;882;30.170;1.4803;16.23
2026;3;17;10;53;4;980;30.268;1.4548;15.32
2026;3;17;10;53;5;81;30.368;1.4322;16.09
2026;3;17;10;53;5;183;30.471;1.4108;15.83
2026;3;17;10;53;5;272;30.560;1.3900;15.71
2026;3;17;10;53;5;376;30.663;1.3697;16.00
2026;3;17;10;53;5;484;30.771;1.3507;15.28
2026;3;17;10;53;5;585;30.872;1.3331;14.78
2026;3;17;10;53;5;685;30.972;1.3180;10.83
2026;3;17;10;53;5;776;31.064;1.3035;11.01
2026;3;17;10;53;5;877;31.165;1.2907;10.90
2026;3;17;10;53;5;984;31.271;1.2765;9.76
2026;3;17;10;53;6;84;31.371;1.2596;7.53
2026;3;17;10;53;6;492;31.780;1.2415;6.03
2026;3;17;10;53;6;585;31.873;1.2275;6.80
2026;3;17;10;53;6;684;31.972;1.2170;7.89
2026;3;17;10;53;6;784;32.071;1.2111;8.69
2026;3;17;10;53;6;876;32.164;1.2088;8.43
2026;3;17;10;53;6;993;32.281;1.2101;9.60
2026;3;17;10;53;7;83;32.371;1.2111;10.41
2026;3;17;10;53;7;193;32.480;1.2120;11.27
2026;3;17;10;53;7;292;32.580;1.2135;12.47
2026;3;17;10;53;7;391;32.679;1.2154;13.12
2026;3;17;10;53;7;479;32.767;1.2168;13.38
2026;3;17;10;53;7;596;32.884;1.2186;14.55
2026;3;17;10;53;7;677;32.965;1.2206;14.97
2026;3;17;10;53;7;793;33.080;1.2221;15.25
2026;3;17;10;53;7;877;33.164;1.2232;15.45
2026;3;17;10;53;7;984;33.271;1.2256;15.68
2026;3;17;10;53;8;76;33.363;1.2282;15.85
2026;3;17;10;53;8;184;33.472;1.2312;16.45
2026;3;17;10;53;8;284;33.572;1.2356;17.00
2026;3;17;10;53;8;383;33.671;1.2421;17.50
2026;3;17;10;53;8;486;33.773;1.2506;17.44
2026;3;17;10;53;8;582;33.870;1.2613;17.69
2026;3;17;10;53;8;682;33.970;1.2740;17.94
2026;3;17;10;53;8;791;34.079;1.2883;17.75
2026;3;17;10;53;8;893;34.181;1.3040;17.52
2026;3;17;10;53;8;986;34.274;1.3201;17.38
2026;3;17;10;53;9;77;34.365;1.3372;17.94
2026;3;17;10;53;9;192;34.480;1.3549;18.37
2026;3;17;10;53;9;293;34.581;1.3737;18.46
2026;3;17;10;53;9;395;34.682;1.3923;17.84
2026;3;17;10;53;9;492;34.780;1.4118;17.63
2026;3;17;10;53;9;579;34.866;1.4319;15.64
2026;3;17;10;53;9;680;34.967;1.4544;14.46
2026;3;17;10;53;9;785;35.073;1.4823;16.62
2026;3;17;10;53;9;894;35.182;1.5170;18.61
2026;3;17;10;53;9;993;35.280;1.5556;19.11
2026;3;17;10;53;10;93;35.380;1.5956;18.04
2026;3;17;10;53;10;180;35.468;1.6343;19.51
2026;3;17;10;53;10;284;35.571;1.6663;19.48
2026;3;17;10;53;10;385;35.672;1.6894;18.69
2026;3;17;10;53;10;493;35.781;1.7038;18.32
2026;3;17;10;53;10;586;35.874;1.7133;19.05
2026;3;17;10;53;10;684;35.971;1.7176;19.08
2026;3;17;10;53;10;783;36.071;1.7194;19.10
2026;3;17;10;53;10;884;36.172;1.7201;19.12
2026;3;17;10;53;10;993;36.280;1.7214;19.09
2026;3;17;10;53;11;84;36.372;1.7212;19.29
2026;3;17;10;53;11;201;36.488;1.7225;19.11
2026;3;17;10;53;11;285;36.572;1.7225;18.99
2026;3;17;10;53;11;385;36.673;1.7225;19.06
2026;3;17;10;53;11;493;36.781;1.7219;19.14
2026;3;17;10;53;11;586;36.873;1.7221;19.10
2026;3;17;10;53;11;694;36.981;1.7211;19.23
2026;3;17;10;53;11;793;37.080;1.7212;19.01
2026;3;17;10;53;11;894;37.182;1.7216;19.31
2026;3;17;10;53;11;984;37.271;1.7222;19.08
2026;3;17;10;53;12;96;37.384;1.7227;19.05
2026;3;17;10;53;12;194;37.482;1.7224;19.14
2026;3;17;10;53;12;294;37.581;1.7223;19.12
2026;3;17;10;53;12;393;37.681;1.7221;19.07
2026;3;17;10;53;12;493;37.781;1.7218;19.15
2026;3;17;10;53;12;596;37.883;1.7217;19.16
2026;3;17;10;53;12;693;37.981;1.7222;21.04
2026;3;17;10;53;12;793;38.081;1.7221;8.36
2026;3;17;10;53;13;298;38.585;1.7238;5.78
2026;3;17;10;53;13;393;38.681;1.7254;6.17
2026;3;17;10;53;13;496;38.783;1.7253;5.91
2026;3;17;10;53;13;598;38.886;1.7261;5.38
2026;3;17;10;53;16;803;42.090;1.7266;21.21
2026;3;17;10;53;16;900;42.188;1.7245;19.26
2026;3;17;10;53;17;2;42.290;1.7225;18.95
2026;3;17;10;53;17;94;42.381;1.7229;19.00
2026;3;17;10;53;17;194;42.481;1.7216;19.16
2026;3;17;10;53;17;294;42.581;1.7217;19.22
2026;3;17;10;53;17;394;42.682;1.7224;19.01
2026;3;17;10;53;17;494;42.781;1.7224;19.46
2026;3;17;10;53;17;594;42.882;1.7215;19.29
2026;3;17;10;53;17;694;42.982;1.7219;19.40
2026;3;17;10;53;17;794;43.082;1.7210;19.44
2026;3;17;10;53;17;902;43.190;1.7210;19.19
2026;3;17;10;53;17;994;43.281;1.7212;19.44
2026;3;17;10;53;18;94;43.382;1.7226;19.58
2026;3;17;10;53;18;194;43.481;1.7244;19.52
2026;3;17;10;53;18;294;43.582;1.7264;19.44
2026;3;17;10;53;18;396;43.684;1.7274;19.02
2026;3;17;10;53;18;493;43.780;1.7288;15.04
2026;3;17;10;53;18;594;43.881;1.7277;18.33
2026;3;17;10;53;18;694;43.981;1.7261;17.62
2026;3;17;10;53;18;794;44.082;1.7244;18.39
2026;3;17;10;53;18;893;44.181;1.7221;18.47
2026;3;17;10;53;19;0;44.288;1.7199;18.39
2026;3;17;10;53;19;106;44.394;1.7180;18.32
2026;3;17;10;53;19;198;44.486;1.7144;18.06
2026;3;17;10;53;19;293;44.581;1.7088;17.82
2026;3;17;10;53;19;394;44.682;1.7017;18.13
2026;3;17;10;53;19;493;44.781;1.6926;18.36
2026;3;17;10;53;19;593;44.881;1.6825;19.29
2026;3;17;10;53;19;694;44.982;1.6767;17.89
2026;3;17;10;53;19;796;45.084;1.6790;15.48
2026;3;17;10;53;19;902;45.190;1.6855;16.54
2026;3;17;10;53;20;15;45.302;1.6959;19.39
2026;3;17;10;53;20;103;45.391;1.7087;19.45
2026;3;17;10;53;20;197;45.485;1.7188;19.36
2026;3;17;10;53;20;295;45.582;1.7234;19.42
2026;3;17;10;53;20;402;45.689;1.7255;19.63
2026;3;17;10;53;20;499;45.786;1.7259;19.60
2026;3;17;10;53;20;610;45.898;1.7257;19.51
2026;3;17;10;53;20;703;45.990;1.7255;19.42
2026;3;17;10;53;20;802;46.090;1.7254;19.46
2026;3;17;10;53;20;895;46.183;1.7260;19.75
2026;3;17;10;53;21;2;46.290;1.7258;19.43
2026;3;17;10;53;21;110;46.398;1.7256;19.23
2026;3;17;10;53;21;203;46.490;1.7262;19.53
2026;3;17;10;53;21;299;46.587;1.7259;19.34
2026;3;17;10;53;21;395;46.683;1.7255;19.50
2026;3;17;10;53;21;514;46.802;1.7264;19.54
2026;3;17;10;53;21;609;46.896;1.7275;19.62
2026;3;17;10;53;21;704;46.992;1.7267;19.50
2026;3;17;10;53;21;802;47.090;1.7267;19.46
2026;3;17;10;53;21;902;47.190;1.7266;19.50
2026;3;17;10;53;22;11;47.298;1.7258;19.47
2026;3;17;10;53;22;108;47.395;1.7251;19.43
2026;3;17;10;53;22;209;47.497;1.7258;19.46
2026;3;17;10;53;22;317;47.605;1.7260;19.62
2026;3;17;10;53;22;399;47.686;1.7259;19.26
2026;3;17;10;53;22;510;47.797;1.7261;19.49
2026;3;17;10;53;22;601;47.889;1.7260;19.37
2026;3;17;10;53;22;714;48.001;1.7257;19.41
2026;3;17;10;53;22;819;48.107;1.7261;19.48
2026;3;17;10;53;22;916;48.204;1.7265;18.49
2026;3;17;10;53;23;6;48.293;1.7261;21.12
2026;3;17;10;53;23;111;48.399;1.7264;21.09
2026;3;17;10;53;23;219;48.507;1.7271;16.85
2026;3;17;10;53;23;308;48.596;1.7273;7.65
2026;3;17;10;53;24;204;49.492;1.4888;8.33
2026;3;17;10;53;24;308;49.595;1.2496;8.82
2026;3;17;10;53;24;412;49.699;1.0079;9.62
2026;3;17;10;53;24;511;49.799;0.7619;6.53
2026;3;17;10;53;24;608;49.895;0.5123;12.19
2026;3;17;10;53;24;707;49.995;0.4992;14.40
2026;3;17;10;53;24;803;50.091;0.4858;14.25
2026;3;17;10;53;24;903;50.191;0.4741;12.86
2026;3;17;10;53;25;10;50.298;0.4674;13.07
2026;3;17;10;53;25;107;50.395;0.4647;13.92
2026;3;17;10;53;25;212;50.499;0.4648;13.81
2026;3;17;10;53;25;306;50.593;0.4663;14.11
2026;3;17;10;53;25;412;50.700;0.4679;13.78
2026;3;17;10;53;25;503;50.791;0.4685;13.69
2026;3;17;10;53;25;603;50.890;0.4686;13.35
2026;3;17;10;53;25;711;50.998;0.4690;11.82
2026;3;17;10;53;25;803;51.091;0.4701;8.29
2026;3;17;10;53;25;913;51.201;0.4732;9.26
2026;3;17;10;53;26;2;51.289;0.4789;10.48
2026;3;17;10;53;26;115;51.402;0.4852;8.66
2026;3;17;10;53;26;203;51.491;0.4926;11.54
2026;3;17;10;53;26;318;51.605;0.5012;11.72
2026;3;17;10;53;26;407;51.695;0.5091;12.05
2026;3;17;10;53;26;507;51.795;0.5155;12.73
2026;3;17;10;53;26;620;51.907;0.5217;12.40
2026;3;17;10;53;26;719;52.007;0.5269;11.84
2026;3;17;10;53;26;808;52.096;0.5310;12.08
2026;3;17;10;53;26;920;52.207;0.5333;14.24
2026;3;17;10;53;27;9;52.297;0.5331;14.16
2026;3;17;10;53;27;119;52.407;0.5293;12.99
2026;3;17;10;53;27;218;52.506;0.5226;12.05
2026;3;17;10;53;27;319;52.607;0.5149;12.09
2026;3;17;10;53;27;411;52.699;0.5094;13.77
2026;3;17;10;53;27;521;52.808;0.5073;14.78
2026;3;17;10;53;27;611;52.898;0.5101;16.04
2026;3;17;10;53;27;719;53.007;0.5160;13.71
2026;3;17;10;53;27;819;53.107;0.5229;14.30
2026;3;17;10;53;27;917;53.205;0.5274;11.46
2026;3;17;10;53;28;16;53.304;0.5300;10.12
2026;3;17;10;53;28;110;53.398;0.5301;6.45
2026;3;17;10;53;28;220;53.507;0.5287;5.77
2026;3;17;10;53;28;317;53.604;0.7686;8.99
2026;3;17;10;53;28;413;53.701;1.0089;15.05
2026;3;17;10;53;28;507;53.795;1.2478;16.49
2026;3;17;10;53;28;619;53.907;1.4875;18.81
2026;3;17;10;53;28;719;54.007;1.7278;19.29
2026;3;17;10;53;28;819;54.107;1.7268;19.41
2026;3;17;10;53;28;919;54.207;1.7256;19.66
2026;3;17;10;53;29;19;54.307;1.7258;19.43
2026;3;17;10;53;29;111;54.399;1.7263;19.59
2026;3;17;10;53;29;219;54.507;1.7267;19.31
2026;3;17;10;53;29;319;54.606;1.7269;19.45
2026;3;17;10;53;29;421;54.709;1.7269;19.59
2026;3;17;10;53;29;517;54.805;1.7271;19.35
2026;3;17;10;53;29;619;54.906;1.7274;19.63
2026;3;17;10;53;29;719;55.007;1.7272;19.68
2026;3;17;10;53;29;817;55.104;1.7275;19.57
2026;3;17;10;53;29;919;55.207;1.7271;19.56
2026;3;17;10;53;30;19;55.306;1.7277;19.66
2026;3;17;10;53;30;120;55.408;1.7275;19.60
2026;3;17;10;53;30;220;55.508;1.7276;19.57
2026;3;17;10;53;30;311;55.599;1.7271;19.72
2026;3;17;10;53;30;429;55.717;1.7274;19.65
2026;3;17;10;53;30;519;55.807;1.7268;19.63
2026;3;17;10;53;30;615;55.903;1.7263;19.58
2026;3;17;10;53;30;711;55.999;1.7261;19.59
2026;3;17;10;53;30;823;56.111;1.7261;19.79
2026;3;17;10;53;30;919;56.207;1.7266;19.52
2026;3;17;10;53;31;17;56.304;1.7272;19.59
2026;3;17;10;53;31;118;56.406;1.7269;19.61
2026;3;17;10;53;31;219;56.507;1.7266;19.47
2026;3;17;10;53;31;329;56.617;1.7268;19.48
2026;3;17;10;53;31;413;56.700;1.7269;19.59
2026;3;17;10;53;31;517;56.805;1.7266;19.53
2026;3;17;10;53;31;617;56.904;1.7265;19.36
2026;3;17;10;53;31;720;57.008;1.7269;19.52
2026;3;17;10;53;31;820;57.108;1.7268;19.49
2026;3;17;10;53;31;929;57.216;1.7270;19.47
2026;3;17;10;53;32;29;57.317;1.7271;19.46
2026;3;17;10;53;32;120;57.408;1.7274;19.43
2026;3;17;10;53;32;218;57.506;1.7269;19.50
2026;3;17;10;53;32;328;57.616;1.7266;19.61
2026;3;17;10;53;32;421;57.709;1.7263;19.53
2026;3;17;10;53;32;519;57.807;1.7260;19.38
2026;3;17;10;53;32;620;57.908;1.7258;19.76
2026;3;17;10;53;32;720;58.007;1.7259;19.53
2026;3;17;10;53;32;837;58.125;1.7259;19.55
2026;3;17;10;53;32;918;58.205;1.7253;19.41
2026;3;17;10;53;33;28;58.315;1.7258;19.59
2026;3;17;10;53;33;128;58.416;1.7260;19.57
2026;3;17;10;53;33;221;58.508;1.7265;19.49
2026;3;17;10;53;33;330;58.617;1.7262;19.45
2026;3;17;10;53;33;437;58.724;1.7264;19.47
2026;3;17;10;53;33;521;58.808;1.7255;19.34
2026;3;17;10;53;33;620;58.907;1.7257;19.31
2026;3;17;10;53;33;717;59.005;1.7255;19.51
2026;3;17;10;53;33;817;59.105;1.7259;19.63
2026;3;17;10;53;33;925;59.212;1.7261;19.56
2026;3;17;10;53;34;31;59.319;1.7270;19.50
2026;3;17;10;53;34;130;59.418;1.7276;19.58
2026;3;17;10;53;34;229;59.517;1.7277;19.55
2026;3;17;10;53;34;336;59.624;1.7280;19.69
2026;3;17;10;53;34;423;59.710;1.7277;19.58
2026;3;17;10;53;34;528;59.816;1.7272;19.43
2026;3;17;10;53;34;630;59.917;1.7263;19.54
2026;3;17;10;53;34;729;60.016;1.7263;19.49
2026;3;17;10;53;34;814;60.102;1.7257;19.57
2026;3;17;10;53;34;918;60.206;1.7261;19.54
2026;3;17;10;53;35;20;60.307;1.7264;19.50
2026;3;17;10;53;35;128;60.415;1.7265;19.54
2026;3;17;10;53;35;220;60.507;1.7264;19.58
2026;3;17;10;53;35;323;60.611;1.7261;19.31
2026;3;17;10;53;35;417;60.704;1.7262;19.49
2026;3;17;10;53;35;516;60.804;1.7261;19.66
2026;3;17;10;53;35;619;60.906;1.7264;19.49
2026;3;17;10;53;35;730;61.017;1.7267;19.52
2026;3;17;10;53;35;829;61.116;1.7268;19.29
2026;3;17;10;53;35;921;61.208;1.7268;19.48
2026;3;17;10;53;36;25;61.313;1.7266;19.63
2026;3;17;10;53;36;121;61.409;1.7261;19.41
2026;3;17;10;53;36;220;61.508;1.7263;19.36
2026;3;17;10;53;36;320;61.608;1.7264;19.49
2026;3;17;10;53;36;428;61.716;1.7265;19.46
2026;3;17;10;53;36;529;61.817;1.7270;19.64
2026;3;17;10;53;36;630;61.917;1.7276;19.44
2026;3;17;10;53;36;737;62.024;1.7274;19.45
2026;3;17;10;53;36;821;62.108;1.7276;19.53
2026;3;17;10;53;36;933;62.220;1.7270;19.49
2026;3;17;10;53;37;28;62.316;1.7270;19.56
2026;3;17;10;53;37;136;62.423;1.7263;19.58
2026;3;17;10;53;37;235;62.522;1.7259;19.50
2026;3;17;10;53;37;333;62.621;1.7265;19.64
2026;3;17;10;53;37;436;62.724;1.7264;19.58
2026;3;17;10;53;37;536;62.824;1.7266;19.68
2026;3;17;10;53;37;642;62.930;1.7266;19.46
2026;3;17;10;53;37;720;63.008;1.7274;19.59
2026;3;17;10;53;37;833;63.121;1.7267;19.43
2026;3;17;10;53;37;929;63.217;1.7270;19.55
2026;3;17;10;53;38;28;63.315;1.7264;19.47
2026;3;17;10;53;38;125;63.413;1.7267;19.41
2026;3;17;10;53;38;229;63.516;1.7266;19.61
2026;3;17;10;53;38;330;63.618;1.7267;19.59
2026;3;17;10;53;38;431;63.719;1.7265;19.49
2026;3;17;10;53;38;526;63.814;1.7263;19.45
2026;3;17;10;53;38;629;63.917;1.7268;19.44
2026;3;17;10;53;38;728;64.016;1.7268;19.58
2026;3;17;10;53;38;836;64.124;1.7266;19.50
2026;3;17;10;53;38;927;64.215;1.7266;19.51
2026;3;17;10;53;39;39;64.326;1.7267;19.60
2026;3;17;10;53;39;129;64.417;1.7264;19.61
2026;3;17;10;53;39;230;64.517;1.7264;19.50
2026;3;17;10;53;39;336;64.624;1.7262;19.57
2026;3;17;10;53;39;425;64.712;1.7262;19.41
2026;3;17;10;53;39;534;64.822;1.7263;19.44
2026;3;17;10;53;39;630;64.918;1.7259;19.49
2026;3;17;10;53;39;737;65.024;1.7258;19.50
2026;3;17;10;53;39;828;65.116;1.7264;19.49
2026;3;17;10;53;39;925;65.213;1.7266;19.46
2026;3;17;10;53;40;28;65.316;1.7267;19.55
2026;3;17;10;53;40;132;65.419;1.7273;19.56
2026;3;17;10;53;40;237;65.525;1.7271;19.44
2026;3;17;10;53;40;330;65.617;1.7273;19.56
2026;3;17;10;53;40;430;65.717;1.7275;19.61
2026;3;17;10;53;40;543;65.831;1.7277;19.59
2026;3;17;10;53;40;630;65.917;1.7272;19.38
2026;3;17;10;53;40;728;66.016;1.7276;19.59
2026;3;17;10;53;40;833;66.121;1.7275;19.40
2026;3;17;10;53;40;929;66.216;1.7275;19.48
2026;3;17;10;53;41;35;66.322;1.7273;19.49
2026;3;17;10;53;41;133;66.421;1.7267;19.26
2026;3;17;10;53;41;229;66.517;1.7259;19.45
2026;3;17;10;53;41;327;66.615;1.7260;19.53
2026;3;17;10;53;41;437;66.725;1.7258;19.53
2026;3;17;10;53;41;541;66.829;1.7256;19.43
2026;3;17;10;53;41;638;66.925;1.7263;19.40
2026;3;17;10;53;41;729;67.017;1.7265;19.70
2026;3;17;10;53;41;837;67.125;1.7260;19.41
2026;3;17;10;53;41;937;67.225;1.7265;19.49
2026;3;17;10;53;42;40;67.327;1.7267;19.48
2026;3;17;10;53;42;129;67.417;1.7268;19.56
2026;3;17;10;53;42;241;67.529;1.7272;19.60
2026;3;17;10;53;42;334;67.621;1.7269;19.37
2026;3;17;10;53;42;438;67.725;1.7265;19.44
2026;3;17;10;53;42;538;67.825;1.7264;19.42
2026;3;17;10;53;42;637;67.925;1.7261;19.46
2026;3;17;10;53;42;737;68.025;1.7262;19.54
2026;3;17;10;53;42;830;68.118;1.7267;19.48
2026;3;17;10;53;42;938;68.225;1.7265;19.34
2026;3;17;10;53;43;36;68.324;1.7263;19.56
2026;3;17;10;53;43;139;68.426;1.7264;19.45
2026;3;17;10;53;43;237;68.525;1.7264;19.57
2026;3;17;10;53;43;333;68.620;1.7264;19.49
2026;3;17;10;53;43;430;68.718;1.7264;19.47
2026;3;17;10;53;43;538;68.825;1.7266;19.47
2026;3;17;10;53;43;643;68.930;1.7273;19.58
2026;3;17;10;53;43;748;69.036;1.7269;19.46
2026;3;17;10;53;43;837;69.125;1.7266;19.47
2026;3;17;10;53;43;934;69.222;1.7268;19.51
2026;3;17;10;53;44;46;69.333;1.7263;19.33
2026;3;17;10;53;44;139;69.427;1.7256;19.46
2026;3;17;10;53;44;236;69.524;1.7255;19.44
2026;3;17;10;53;44;330;69.618;1.7256;19.43
2026;3;17;10;53;44;444;69.732;1.7252;19.34
2026;3;17;10;53;44;530;69.817;1.7255;19.43
2026;3;17;10;53;44;633;69.921;1.7252;19.54
2026;3;17;10;53;44;747;70.034;1.7249;19.37
2026;3;17;10;53;44;847;70.134;1.7247;19.58
2026;3;17;10;53;44;932;70.220;1.7253;19.68
2026;3;17;10;53;45;46;70.333;1.7253;19.48
2026;3;17;10;53;45;140;70.427;1.7257;19.54
2026;3;17;10;53;45;249;70.537;1.7260;19.53
2026;3;17;10;53;45;352;70.639;1.7258;19.58
2026;3;17;10;57;8;906;1.154;2.6383;6.24
2026;3;17;10;57;9;307;1.555;2.5382;6.49
2026;3;17;10;57;9;507;1.755;2.5246;5.83
2026;3;17;10;57;10;807;3.055;2.4868;5.53
2026;3;17;10;57;12;215;4.463;2.4242;5.43
2026;3;17;10;57;12;308;4.556;2.3335;5.68
2026;3;17;10;57;13;11;5.259;2.2841;7.60
2026;3;17;10;57;14;415;6.663;2.2925;5.68
2026;3;17;10;57;15;918;8.166;2.3502;5.69
2026;3;17;10;57;16;17;8.265;2.4523;6.61
2026;3;17;10;57;16;107;8.355;2.5523;6.45
2026;3;17;10;57;16;216;8.464;2.6496;5.86
2026;3;17;10;57;16;310;8.558;2.6767;5.63
2026;3;17;10;57;16;422;8.670;2.6810;5.59
2026;3;17;10;57;16;524;8.772;2.6846;5.43
2026;3;17;10;57;16;616;8.864;2.6872;5.91
2026;3;17;10;57;16;732;8.980;2.6896;5.82
2026;3;17;10;57;16;817;9.065;2.6934;6.08
2026;3;17;10;57;16;925;9.173;2.6961;6.24
2026;3;17;10;57;17;25;9.273;2.6973;6.24
2026;3;17;10;57;17;110;9.358;2.6974;6.41
2026;3;17;10;57;17;210;9.458;2.6982;6.04
2026;3;17;10;57;17;322;9.570;2.6989;5.80
2026;3;17;10;57;17;422;9.670;2.6984;6.55
2026;3;17;10;57;17;518;9.766;2.6961;6.43
2026;3;17;10;57;17;615;9.864;2.6959;6.46
2026;3;17;10;57;17;717;9.965;2.6949;6.40
2026;3;17;10;57;17;825;10.073;2.6916;5.34
2026;3;17;10;58;38;56;0.004;1.7152;13.89
2026;3;17;10;58;38;153;0.100;1.7167;14.35
2026;3;17;10;58;38;261;0.208;1.7167;14.27
2026;3;17;10;58;38;357;0.305;1.7156;13.93
2026;3;17;10;58;38;459;0.406;1.7155;14.19
2026;3;17;10;58;38;558;0.505;1.7171;14.34
2026;3;17;10;58;38;670;0.618;1.7165;14.04
2026;3;17;10;58;38;775;0.723;1.7166;14.23
2026;3;17;10;58;38;860;0.807;1.7165;13.69
2026;3;17;10;58;38;960;0.907;1.7164;13.93
2026;3;17;10;58;39;67;1.014;1.7149;13.82
2026;3;17;10;58;39;158;1.105;1.7155;14.15
2026;3;17;10;58;39;266;1.214;1.7156;14.23
2026;3;17;10;58;39;366;1.313;1.7150;14.08
2026;3;17;10;58;39;458;1.406;1.7146;13.94
2026;3;17;10;58;39;559;1.506;1.7143;13.78
2026;3;17;10;58;39;658;1.606;1.7118;13.46
2026;3;17;10;58;39;767;1.714;1.7125;14.10
2026;3;17;10;58;39;859;1.806;1.7139;13.85
2026;3;17;10;58;39;959;1.906;1.7138;13.62
2026;3;17;10;58;40;67;2.014;1.7143;14.17
2026;3;17;10;58;40;158;2.106;1.7157;13.82
2026;3;17;10;58;40;269;2.216;1.7155;14.44
2026;3;17;10;58;40;365;2.312;1.7159;14.70
2026;3;17;10;58;40;477;2.424;1.7175;14.72
2026;3;17;10;58;40;567;2.514;1.7174;14.76
2026;3;17;10;58;40;665;2.613;1.7173;13.45
2026;3;17;10;58;40;768;2.715;1.7089;11.34
2026;3;17;10;58;40;859;2.807;1.6959;12.45
2026;3;17;10;58;40;977;2.924;1.6744;12.60
2026;3;17;10;58;41;76;3.023;1.6510;13.80
2026;3;17;10;58;41;183;3.130;1.6241;17.55
2026;3;17;10;58;41;268;3.215;1.5995;18.45
2026;3;17;10;58;41;377;3.324;1.5751;18.14
2026;3;17;10;58;41;469;3.417;1.5523;17.76
2026;3;17;10;58;41;567;3.514;1.5280;16.81
2026;3;17;10;58;41;675;3.622;1.5046;15.03
2026;3;17;10;58;41;776;3.723;1.4848;14.31
2026;3;17;10;58;41;867;3.814;1.4706;14.22
2026;3;17;10;58;41;968;3.915;1.4682;14.31
2026;3;17;10;58;42;67;4.014;1.4769;14.41
2026;3;17;10;58;42;166;4.114;1.4953;13.88
2026;3;17;10;58;42;283;4.230;1.5165;10.91
2026;3;17;10;58;42;368;4.316;1.5432;11.79
2026;3;17;10;58;42;475;4.423;1.5727;14.03
2026;3;17;10;58;42;567;4.515;1.5974;14.02
2026;3;17;10;58;42;676;4.624;1.6213;13.53
2026;3;17;10;58;42;773;4.720;1.6460;15.91
2026;3;17;10;58;42;879;4.826;1.6636;13.70
2026;3;17;10;58;42;976;4.923;1.6757;13.94
2026;3;17;10;58;43;76;5.023;1.6859;14.10
2026;3;17;10;58;43;177;5.124;1.6916;14.10
2026;3;17;10;58;43;278;5.226;1.6965;14.58
2026;3;17;10;58;43;367;5.314;1.7028;14.71
2026;3;17;10;58;43;467;5.414;1.7063;14.95
2026;3;17;10;58;43;576;5.523;1.7112;15.20
2026;3;17;10;58;43;675;5.623;1.7140;14.90
2026;3;17;10;58;43;774;5.722;1.7152;14.64
2026;3;17;10;58;43;875;5.823;1.7158;15.31
2026;3;17;10;58;43;976;5.924;1.7157;14.80
2026;3;17;10;58;44;77;6.024;1.7136;14.47
2026;3;17;10;58;44;168;6.115;1.7116;13.39
2026;3;17;10;58;44;277;6.224;1.7105;13.61
2026;3;17;10;58;44;385;6.333;1.7100;13.43
2026;3;17;10;58;44;477;6.424;1.7092;13.16
2026;3;17;10;58;44;592;6.540;1.7105;14.13
2026;3;17;10;58;44;675;6.623;1.7122;14.44
2026;3;17;10;58;44;765;6.712;1.7126;14.02
2026;3;17;10;58;44;875;6.823;1.7126;14.31
2026;3;17;10;58;44;966;6.913;1.7138;14.20
2026;3;17;10;58;45;77;7.024;1.7147;14.46
2026;3;17;10;58;45;183;7.131;1.7153;14.07
2026;3;17;10;58;45;266;7.214;1.7157;13.65
2026;3;17;10;58;45;366;7.314;1.7157;13.38
2026;3;17;10;58;45;467;7.414;1.7163;13.52
2026;3;17;10;58;45;574;7.521;1.7152;13.93
2026;3;17;10;58;45;680;7.627;1.7136;13.19
2026;3;17;10;58;45;767;7.715;1.7144;12.76
2026;3;17;10;58;45;867;7.815;1.7163;14.58
2026;3;17;10;58;45;967;7.915;1.7153;14.70
2026;3;17;10;58;46;86;8.033;1.7151;14.32
2026;3;17;10;58;46;168;8.115;1.7160;14.18
2026;3;17;10;58;46;267;8.214;1.7132;14.24
2026;3;17;10;58;46;366;8.313;1.7137;14.88
2026;3;17;10;58;46;475;8.422;1.7157;14.76
2026;3;17;10;58;46;577;8.524;1.7165;14.41
2026;3;17;10;58;46;670;8.618;1.7182;14.75
2026;3;17;10;58;46;768;8.715;1.7220;14.48
2026;3;17;10;58;46;882;8.829;1.7219;14.59
2026;3;17;10;58;46;978;8.925;1.7212;14.45
2026;3;17;10;58;47;69;9.016;1.7219;14.63
2026;3;17;10;58;47;175;9.122;1.7212;14.59
2026;3;17;10;58;47;268;9.216;1.7214;15.10
2026;3;17;10;58;47;382;9.329;1.7211;15.16
2026;3;17;10;58;47;468;9.416;1.7210;14.82
2026;3;17;10;58;47;572;9.520;1.7205;13.48
2026;3;17;10;58;47;674;9.621;1.7176;9.54
2026;3;17;10;58;47;783;9.730;1.7093;7.09
2026;3;17;10;58;47;883;9.831;1.6955;7.48
2026;3;17;10;58;47;984;9.931;1.6773;9.75
2026;3;17;10;58;48;84;10.031;1.6488;11.60
2026;3;17;10;58;48;176;10.124;1.6166;13.27
2026;3;17;10;58;48;275;10.222;1.5812;14.70
2026;3;17;10;58;48;375;10.322;1.5440;13.25
2026;3;17;10;58;48;479;10.427;1.5085;11.08
2026;3;17;10;58;48;576;10.523;1.4738;9.74
2026;3;17;10;58;48;681;10.628;1.4444;8.15
2026;3;17;10;58;48;776;10.724;1.4194;7.93
2026;3;17;10;58;48;876;10.823;1.4013;9.01
2026;3;17;10;58;48;977;10.924;1.3874;10.66
2026;3;17;10;58;49;84;11.031;1.3827;11.07
2026;3;17;10;58;49;177;11.124;1.3812;11.37
2026;3;17;10;58;49;269;11.216;1.3823;12.32
2026;3;17;10;58;49;384;11.331;1.3842;12.26
2026;3;17;10;58;49;478;11.425;1.3878;13.39
2026;3;17;10;58;49;583;11.531;1.3930;13.28
2026;3;17;10;58;49;678;11.625;1.3965;13.40
2026;3;17;10;58;49;782;11.729;1.4012;13.53
2026;3;17;10;58;49;892;11.840;1.4079;13.63
2026;3;17;10;58;49;977;11.924;1.4146;13.61
2026;3;17;10;58;50;78;12.025;1.4233;14.99
2026;3;17;10;58;50;179;12.126;1.4360;14.62
2026;3;17;10;58;50;293;12.240;1.4545;14.32
2026;3;17;10;58;50;377;12.325;1.4787;15.69
2026;3;17;10;58;50;476;12.424;1.5081;16.39
2026;3;17;10;58;50;586;12.533;1.5411;16.56
2026;3;17;10;58;50;675;12.622;1.5758;18.26
2026;3;17;10;58;50;779;12.726;1.6113;17.52
2026;3;17;10;58;50;875;12.823;1.6413;19.24
2026;3;17;10;58;50;988;12.935;1.6649;19.45
2026;3;17;10;58;51;76;13.023;1.6822;18.79
2026;3;17;10;58;51;177;13.124;1.6973;19.12
2026;3;17;10;58;51;285;13.232;1.7038;19.31
2026;3;17;10;58;51;377;13.325;1.7087;18.49
2026;3;17;10;58;51;481;13.429;1.7142;17.90
2026;3;17;10;58;51;582;13.529;1.7186;18.46
2026;3;17;10;58;51;678;13.625;1.7189;18.68
2026;3;17;10;58;52;476;14.424;1.7214;18.86
2026;3;17;10;58;52;585;14.533;1.7234;18.29
2026;3;17;10;58;52;686;14.633;1.7245;18.03
2026;3;17;10;58;52;787;14.734;1.7258;18.69
2026;3;17;10;58;52;877;14.825;1.7287;18.13
2026;3;17;10;58;52;978;14.926;1.7296;18.14
2026;3;17;10;58;53;92;15.040;1.7303;18.05
2026;3;17;10;58;53;182;15.129;1.7303;17.56
2026;3;17;10;58;53;294;15.242;1.7296;17.76
2026;3;17;10;58;53;383;15.331;1.7272;17.78
2026;3;17;10;58;53;480;15.427;1.7249;17.40
2026;3;17;10;58;53;581;15.529;1.7244;17.66
2026;3;17;10;58;53;684;15.631;1.7230;17.53
2026;3;17;10;58;53;790;15.737;1.7224;17.49
2026;3;17;10;58;53;881;15.828;1.7234;17.96
2026;3;17;10;58;53;985;15.932;1.7250;17.68
2026;3;17;10;58;54;101;16.048;1.7248;17.30
2026;3;17;10;58;54;192;16.139;1.7247;17.55
2026;3;17;10;58;54;280;16.228;1.7232;17.45
2026;3;17;10;58;54;376;16.324;1.7226;17.66
2026;3;17;10;58;54;480;16.428;1.7229;17.38
2026;3;17;10;58;54;581;16.529;1.7223;17.66
2026;3;17;10;58;54;693;16.640;1.7225;17.20
2026;3;17;10;58;54;795;16.743;1.7251;17.52
2026;3;17;10;58;54;893;16.840;1.7233;17.43
2026;3;17;10;58;54;993;16.941;1.7228;17.57
2026;3;17;10;58;55;91;17.039;1.7228;17.17
2026;3;17;10;58;55;194;17.141;1.7239;17.57
2026;3;17;10;58;55;284;17.232;1.7231;16.97
2026;3;17;10;58;55;385;17.332;1.7252;17.22
2026;3;17;10;58;55;485;17.432;1.7250;15.88
2026;3;17;10;58;58;602;20.550;1.7264;17.12
2026;3;17;10;58;58;700;20.647;1.7258;17.86
2026;3;17;10;58;58;807;20.755;1.7276;18.24
2026;3;17;10;58;58;899;20.846;1.7280;18.26
2026;3;17;10;58;58;997;20.945;1.7241;17.20
2026;3;17;10;58;59;96;21.043;1.7128;16.82
2026;3;17;10;58;59;193;21.141;1.6924;16.40
2026;3;17;10;58;59;293;21.240;1.6584;12.76
2026;3;17;10;58;59;385;21.333;1.6168;11.21
2026;3;17;10;58;59;485;21.432;1.5685;9.73
2026;3;17;10;58;59;591;21.539;1.5178;6.95
2026;3;17;10;59;0;689;22.637;1.4492;5.64
2026;3;17;10;59;0;790;22.738;1.4052;9.69
2026;3;17;10;59;0;887;22.835;1.3836;12.20
2026;3;17;10;59;0;987;22.934;1.3829;5.99
2026;3;17;10;59;1;86;23.033;1.4092;11.43
2026;3;17;10;59;1;195;23.142;1.4778;17.09
2026;3;17;10;59;1;299;23.247;1.5441;16.46
2026;3;17;10;59;1;395;23.342;1.6007;14.96
2026;3;17;10;59;1;496;23.443;1.6511;16.34
2026;3;17;10;59;1;586;23.533;1.6847;17.23
2026;3;17;10;59;1;690;23.637;1.7026;16.16
2026;3;17;10;59;1;787;23.735;1.7108;15.97
2026;3;17;10;59;1;896;23.843;1.7145;15.80
2026;3;17;10;59;2;2;23.950;1.7153;16.17
2026;3;17;10;59;2;93;24.040;1.7146;16.99
2026;3;17;10;59;2;194;24.141;1.7165;17.34
2026;3;17;10;59;2;294;24.241;1.7170;17.67
2026;3;17;10;59;2;396;24.343;1.7183;17.55
2026;3;17;10;59;2;495;24.442;1.7194;17.52
2026;3;17;10;59;2;594;24.542;1.7201;17.44
2026;3;17;10;59;2;698;24.646;1.7201;17.28
2026;3;17;10;59;2;796;24.743;1.7214;17.63
2026;3;17;10;59;2;901;24.848;1.7226;17.50
2026;3;17;10;59;2;995;24.942;1.7226;17.63
2026;3;17;10;59;3;102;25.050;1.7233;17.49
2026;3;17;10;59;3;211;25.158;1.7238;17.71
2026;3;17;10;59;3;301;25.249;1.7222;17.67
2026;3;17;10;59;3;402;25.349;1.7219;17.62
2026;3;17;10;59;3;501;25.448;1.7221;17.61
2026;3;17;10;59;3;598;25.545;1.7217;17.53
2026;3;17;10;59;3;689;25.637;1.7214;17.63
2026;3;17;10;59;3;794;25.741;1.7220;17.43
2026;3;17;10;59;3;907;25.854;1.7221;17.72
2026;3;17;10;59;3;996;25.943;1.7214;17.49
2026;3;17;10;59;4;95;26.042;1.7210;17.35
2026;3;17;10;59;4;202;26.149;1.7214;17.66
2026;3;17;10;59;4;302;26.249;1.7211;17.31
2026;3;17;10;59;4;394;26.342;1.7195;17.89
2026;3;17;10;59;4;501;26.448;1.7195;17.64
2026;3;17;10;59;4;596;26.543;1.7204;17.67
2026;3;17;10;59;4;694;26.642;1.7200;17.60
2026;3;17;10;59;4;796;26.744;1.7198;17.73
2026;3;17;10;59;4;894;26.842;1.7208;17.67
2026;3;17;10;59;4;995;26.942;1.7203;17.42
2026;3;17;10;59;5;95;27.042;1.7193;17.49
2026;3;17;10;59;5;205;27.152;1.7196;17.44
2026;3;17;10;59;5;295;27.243;1.7201;17.68
2026;3;17;10;59;5;392;27.340;1.7199;17.53
2026;3;17;10;59;5;502;27.450;1.7212;17.52
2026;3;17;10;59;5;594;27.542;1.7215;17.64
2026;3;17;10;59;5;704;27.651;1.7214;17.58
2026;3;17;10;59;5;805;27.753;1.7213;16.98
2026;3;17;10;59;5;895;27.842;1.7212;17.42
2026;3;17;10;59;5;998;27.946;1.7206;17.50
2026;3;17;10;59;6;94;28.041;1.7196;17.23
2026;3;17;10;59;6;193;28.140;1.7200;17.59
2026;3;17;10;59;6;297;28.244;1.7190;17.32
2026;3;17;10;59;6;395;28.343;1.7194;17.19
2026;3;17;10;59;6;510;28.457;1.7200;17.16
2026;3;17;10;59;6;602;28.549;1.7195;17.43
2026;3;17;10;59;6;697;28.644;1.7187;17.19
2026;3;17;10;59;6;803;28.750;1.7202;17.33
2026;3;17;10;59;6;895;28.842;1.7206;17.19
2026;3;17;10;59;6;999;28.946;1.7204;17.42
2026;3;17;11;0;3;820;0.016;1.7189;19.40
2026;3;17;11;0;3;921;0.118;1.7179;19.37
2026;3;17;11;0;4;34;0.231;1.7185;19.43
2026;3;17;11;0;4;118;0.314;1.7191;19.52
2026;3;17;11;0;4;219;0.416;1.7192;19.48
2026;3;17;11;0;4;333;0.530;1.7191;19.44
2026;3;17;11;0;4;436;0.633;1.7190;19.44
2026;3;17;11;0;4;534;0.731;1.7190;19.42
2026;3;17;11;0;4;629;0.825;1.7188;19.32
2026;3;17;11;0;4;719;0.916;1.7188;19.39
2026;3;17;11;0;4;825;1.022;1.7187;19.39
2026;3;17;11;0;4;933;1.130;1.7190;19.42
2026;3;17;11;0;5;35;1.231;1.7193;19.41
2026;3;17;11;0;5;134;1.331;1.7190;19.43
2026;3;17;11;0;5;220;1.416;1.7191;19.99
2026;3;17;11;0;5;333;1.529;1.7208;20.45
2026;3;17;11;0;5;434;1.630;1.7224;20.09
2026;3;17;11;0;5;542;1.738;1.7210;20.13
2026;3;17;11;0;5;620;1.816;1.7135;17.31
2026;3;17;11;0;5;734;1.930;1.7015;11.50
2026;3;17;11;0;5;824;2.021;1.6879;14.33
2026;3;17;11;0;5;923;2.119;1.6732;15.16
2026;3;17;11;0;6;34;2.231;1.6595;18.18
2026;3;17;11;0;6;138;2.334;1.6498;19.40
2026;3;17;11;0;6;231;2.427;1.6363;17.74
2026;3;17;11;0;6;327;2.523;1.6146;16.11
2026;3;17;11;0;6;432;2.629;1.5859;14.09
2026;3;17;11;0;6;522;2.718;1.5530;12.09
2026;3;17;11;0;6;620;2.816;1.5202;10.63
2026;3;17;11;0;6;725;2.922;1.4898;8.36
2026;3;17;11;0;7;339;3.536;1.4701;5.28
2026;3;17;11;0;7;436;3.632;1.4652;8.78
2026;3;17;11;0;7;528;3.724;1.4772;16.00
2026;3;17;11;0;7;639;3.836;1.4982;17.78
2026;3;17;11;0;7;737;3.933;1.5301;18.31
2026;3;17;11;0;7;827;4.023;1.5639;18.93
2026;3;17;11;0;7;936;4.132;1.5941;18.14
2026;3;17;11;0;8;28;4.225;1.6169;18.13
2026;3;17;11;0;8;121;4.317;1.6372;19.14
2026;3;17;11;0;8;232;4.429;1.6551;19.37
2026;3;17;11;0;8;333;4.529;1.6710;19.64
2026;3;17;11;0;8;426;4.622;1.6851;19.51
2026;3;17;11;0;8;540;4.737;1.6961;19.34
2026;3;17;11;0;8;630;4.826;1.7045;18.74
2026;3;17;11;0;8;731;4.927;1.7099;18.43
2026;3;17;11;0;8;831;5.027;1.7135;17.68
2026;3;17;11;0;8;931;5.127;1.7163;17.86
2026;3;17;11;0;9;41;5.237;1.7187;18.13
2026;3;17;11;0;9;138;5.334;1.7183;17.79
2026;3;17;11;0;9;237;5.434;1.7187;17.24
2026;3;17;11;0;9;332;5.528;1.7196;18.17
2026;3;17;11;0;9;439;5.636;1.7195;17.94
2026;3;17;11;0;9;532;5.728;1.7191;17.79
2026;3;17;11;0;9;633;5.829;1.7204;18.03
2026;3;17;11;0;9;735;5.931;1.7208;17.92
2026;3;17;11;0;9;834;6.030;1.7210;18.09
2026;3;17;11;0;9;933;6.129;1.7209;17.95
2026;3;17;11;0;10;42;6.239;1.7212;17.97
2026;3;17;11;0;10;131;6.328;1.7210;17.96
2026;3;17;11;0;10;234;6.431;1.7211;17.98
2026;3;17;11;0;10;335;6.531;1.7208;18.02
2026;3;17;11;0;10;435;6.631;1.7213;17.98
2026;3;17;11;0;10;539;6.735;1.7218;17.85
2026;3;17;11;0;10;635;6.831;1.7215;17.85
2026;3;17;11;0;10;735;6.932;1.7212;18.01
2026;3;17;11;0;10;836;7.033;1.7214;17.98
